,RNA_sequence,RNA_structure,Mfes,Fitness,Evals
0,GGAGACCGGCCGGGAAGGGGGGAAAAAAAAAAAAAAAAAACGGGCAAAAGGAAACUGGGGGGAAACCAAAGAAGAGCAGAGGACCCGGCCGGUAGAA,....((((((((((..............................(...((....))..)((....))................))))))))))....,-31.9,0.0909090909091,-24.31
1,GUAGAACCAGACAGAGCGGGGGAAAAAAAAAAAAAAAAAACGGGCAGACGGAAACGAGACGGAAACGAGAGAAGAGCAGAGGACGGUCUGGUUAGGA,....((((((((....((......................)).((...((....))...((....))........))........))))))))....,-21.85,0.2,-18.71
2,GUAGGGCGGGACAAAGGGGGGGAAAAAAAAAAAAAAAAAACGGCCAGAAGGAAACUAGACGGAAACGAGAGAAGAGGAGAGGACCGUCCCGCCAGGA,....((((((((........(...................)((((...((....))...((....)).............)).))))))))))....,-28.01,0.111111111111,-23.91
3,GGAGACCGGCCGGGAAGGGGGGAAAAAAAAAAAAAAAAAACGGGCAAAAGGAAACUGGGGGGAAACCAAAGAAGAGCAGAGGACCCGGCCGGUAGAA,....((((((((((..............................(...((....))..)((....))................))))))))))....,-31.9,0.0909090909091,-24.31
4,GUAGCACCAGACAGAGAGAGGGAAAAAAAAAAAAAAAAAACGGGCAGACGGAAACGAGACGGAAACGAGAGAAGAGCAGAGGACUGUCUGGUGAGGA,....((((((((((..................................((....))...((....))................))))))))))....,-26.5,0.0909090909091,-19.61
5,GUAGACCACGACAGAGCGGGGGAAAAAAAAAAAAAAAAAACGGGCAGAAGGAAACUAGACGGAAACGAGAGAAGAGCAGAGGACGGUCGUGGUAGGA,....((((((((....((......................)).((...((....))...((....))........))........))))))))....,-22.05,0.2,-18.91
6,GUAGAACACGACAGAGCGGGGGAAAAAAAAAAAAAAAAAACGGGCAGAAGGAAACUAGACGGAAACGAGAGAAGAGCAGAGGUCGGUCGUGUUAGGA,....((((((((.((.(...............................((....))...((....)).............).)).))))))))....,-21.5,0.0769230769231,-16.11
7,GGAGCCACCGGCGGAGCGGGGGAAAAAAAAAAAAAAAAAACGGGCGGACGGAAACGGAGGGGAAACCAGAGAAAGGCAGAGGACGGCCGGUGGAAGA,....((((((((.(..((......................)).((...((....))...((....))........))......).))))))))....,-29.65,0.2,-25.21
8,GAAGCGCCCGGCGGAGCGGGGGAAAAAAAAAAAAAAAAAACGGGGGGAAGGAAACUGGGCGGAAACGAAAGAAGACCAGAGGACGGCCGGGCGAGAA,....((((((((.(..(...((..........................((....))...((....))........))...)..).))))))))....,-29.5,0.111111111111,-23.81
9,GUAGCAAACGGCAGAGCGGGGGAAAAAAAAAAAAAAAAAACGGGGAGAAGGAAACUAGACGGAAACGAGAGAAAACCAGAGGACGGCCGUUUGAAGA,....((((((((........((..........................((....))...((....))........))........))))))))....,-22.19,0.111111111111,-17.61
10,GUAGGACCGGACAGAGCCGGGGAAAAAAAAAAAAAAAAAACGGCCAGAAGGAAACUAGAAGGAAACUAGAGAAGAGGAGAGGAGGGUCCGGUCAGGA,....((((((((.(.((((.....................)))))...((....))...((....))..................))))))))....,-27.0,0.0769230769231,-20.51
11,AUAGGCCGCGACAGAGCCGGGGAAAAAAAAAAAAAAAAAACGGGCAGAAGGAAACUAGACGGAAACGAGAGAAGAGCAAAGGAGGGUCGCGGCAGGA,....((((((((...(((.(....................).)))...((....))...((....))..................))))))))....,-29.25,0.0909090909091,-23.71
12,GUAGCAAAGCACGAAGCAGGGGAAAAAAAAAAAAAAAAAACGGGCGGAGGGAAACCGGGCGGAAACGAAAGAAGAGCAGUGGAUGGUGCUUUGAGAA,....((((((((.(..((..(......................((...((....))..))(....)..........)..))..).))))))))....,-21.7,0.1,-17.31
13,AUAGGGCGCGACAAAGCGGAGGAAAAAAAAAAAAAAAAAACGGCCAGAAGGAAACUAGAAGGAAACUAGAGAAGAGGAGAGGACGGUCGCGCCAGGA,....((((((((....(....)..................((.((...((....))...((....)).............)).))))))))))....,-24.8,0.1,-21.01
14,GGAGACACCGGCGGAGCGGGGGAAAAAAAAAAAAAAAAAACGGGCGGACGGAAACGGAGGGGAAACCAGAGAAAGGCAGAGGACGGCCGGUGUGGGA,....((((((((.(..((......................)).((...((....))...((....))........))......).))))))))....,-27.85,0.2,-23.41
15,GUAGACCACGACAGAGCGAGGGAAAAAAAAAAAAAAAAAACAGGCAGAAGGAAACUAGACGGAAACGAGAGAAGAGCAGAGGACGGUCGUGGUAGGA,....((((((((....................................((....))...((....))..................))))))))....,-20.7,0.0909090909091,-18.71
16,GAAGGGCGGGAAAGAGCAGGGGAAAAAAAAAAAAAAAAAACGGGCAGACGGAAACGAGACGGAAACGAGAGAAGAGCAGAGGAUGUUCCCGCCAGGA,....((((((((...((...............................((....))...((....))........))........))))))))....,-24.3,0.111111111111,-21.61
17,GUAGGCCCCGACAGAGAGGGGGAAAAAAAAAAAAAAAAAACGGCCAGAAGGAAACUAGACGGAAACGAGAGAAGAGGAGAGGACUGUCGGGGCAGGA,....((((((((((..................................((....))...((....))................))))))))))....,-29.4,0.0909090909091,-22.21
18,AUAACACACGACAGAGCGGGGGAAAAAAAAAAAAAAAAAACGGGGAGAGGGAAACCAGAGGGAAACCAGAGAAGACCAGAGGACGGUCGUGUGAGGA,....((((((((........((..........................((....))...((....))........))........))))))))....,-26.69,0.111111111111,-22.11
19,GGAGCCACCGCCGGAGCGGGGGAAAAAAAAAAAAAAAAAACGGGCGGACGGAAACGGAGGGGAAACCAGAGAAAGGCAGAGGACGGGCGGUGGGAGA,....((((((((.(..((......................)).((...((....))...((....))........))......).))))))))....,-29.85,0.2,-25.41
20,GUAACAAGCCGAGGAGCGGGGGAAAAAAAAAAAAAAAAAACGGCCGAACGGAAACGGAGAGGAAACUAGAGAAGAGGAGAAAACGUCGGCUUGAAGA,....((((((((.(..((......................)).((...((....))...((....))........))......).))))))))....,-23.55,0.2,-19.01
21,AUAGGCCGCGACAGAGCGGGGGAAAAAAAAAAAAAAAAAACGGGCAGAAGGAAACUAGACGGAAACGAGAGAAGAGCAGAGGACGGUCGCGGCAGGA,....((((((((....((......................)).((...((....))...((....))........))........))))))))....,-25.85,0.2,-22.71
22,GUAGAACCAGACAGAGCGGGGGAAAAAAAAAAAAAAAAAACGGGCAGACGGAAACGAGACGGAAACGAGAGAAGAGCAGAGGACGGUCUGGUUAGGA,....((((((((....((......................)).((...((....))...((....))........))........))))))))....,-21.85,0.2,-18.71
23,GGAGGCCCCGCGGGAACGGGGGAAAAAAAAAAAAAAAAAACGGGCAGAGGGAAACCAGGAGGAAACUAAAGAAGAGCAGAGGACGCGCGGGGCAGAA,....((((((((.(..((......................)).((...((....))...((....))........))......).))))))))....,-31.05,0.2,-26.01
24,GUAGAACGGGACAGAGGGGGGGAAAAAAAAAAAAAAAAAACGGGCAGAAGGAAACUAGAGGGAAACCAGAGAAGAGCAGAGGACCGUCCCGUUAGGA,....((((((((...............................((...((....))...((....))........)).(.....)))))))))....,-22.3,0.142857142857,-20.91
25,GUAGCGCGGCAAGAAGCGGGGGAAAAAAAAAAAAAAAAAACGGGCGGAGGGAAACCGGGGGGAAACCAGAGAAGAGCAGAGGACGUUGCCGCGAGAA,....((((((((....((......................)).((...((....))...((....))........))........))))))))....,-26.25,0.2,-23.81
26,GGAGCCACCGACGGAGCCGGGGAAAAAAAAAAAAAAAAAACGGACGGACGGAAACGGAGGGGAAACCAGAGAAAGGUAGAGGAGGGUCGGUGGGGGA,....((((((((....(((.....................)))((...((....))...((....))........))........))))))))....,-27.3,0.142857142857,-22.01
27,AUAGGCCGCGACAGAGCCGGGGAAAAAAAAAAAAAAAAAACGGGCAGAAGGAAACUAGACGGAAACGAGAGAAGAGCAGAGGAGGGUCGCGGCAGGA,....((((((((...(((.(....................).)))...((....))...((....))..................))))))))....,-29.25,0.0909090909091,-23.71
28,GGAGCGCCAGGGGGAACGGGGGAAAAAAAAAAAAAAAAAACGGGCAGAGGGAAACCGGAGGGAAACCAAAGAAGAGCAGAGGACGCCCUGGCGAGAA,....((((((((.(..((......................)).((...((....))...((....))........))......).))))))))....,-31.55,0.2,-26.51
29,GUAGAGCACGACAGAGAGGGGGAAAAAAAAAAAAAAAAAACGGGCAGAAGGAAACUAGACGGAAACGAGAGAAGAGCAGAGGACUGUCGUGCUAGGA,....((((((((((..................................((....))...((....))................))))))))))....,-24.8,0.0909090909091,-18.11
30,AUAGGGCGCGACAAAGCGGGGGAAAAAAAAAAAAAAAAAACGGCCAGAAGGAAACUAGACGGAAACGAGAGAAGAGGAGAGGACGGUCGCGCCAGGA,....((((((((....(....)..................((.((...((....))...((....)).............)).))))))))))....,-26.2,0.1,-22.21
31,GGAGCGGGGGAGGGAGGGGGGGAAAAAAAAAAAAAAAAAACGGCCAGAGGGAAACCGGGGGGAAACCAGAGAAGGGGAGAGGACCCUCCCCCGGAAA,....((((((((((.............................((...((....)).))((....))................))))))))))....,-37.4,0.0909090909091,-26.91
32,GUAGCGGACCGCGAAGCGGGGGAAAAAAAAAAAAAAAAAACGGGCGGAGGGAAACCGGGCGGAAACGAGAGAAGAGCAGAGGACGGCGGUCCGAAAA,....((((((((....((......................)).((...((....))...((....))........))........))))))))....,-27.65,0.2,-24.51
33,GUAGGACGAGACAGAGCGGAGGAAAAAAAAAAAAAAAAAACGGGCAGACGGAAACGAGAAGGAAACUAGAGAAGAGCAGAGGACGGUCUCGUCAGGA,....((((((((....((......................)).((...((....))...((....))........))........))))))))....,-22.45,0.2,-19.51
34,GGAGAAGCGGCCAGAGCGGGGGAAAAAAAAAAAAAAAAAACGGAGGGAGGGAAACCGGGCGGAAACGAAAGAAGGCUAGAGGACGGGCCGCUUGGGA,....((((((((..(((...............................((....))...((....)).......)))........))))))))....,-26.5,0.0909090909091,-20.41
35,GGAGGCCCCGCGGGAACCGGGGAAAAAAAAAAAAAAAAAACGGGCAGAGGGAAACCAGGCGGAAACGAAAGAAGAGCAGAGGAGGCGCGGGGCAGAA,....((((((((....(((.....................)))((...((....))...((....))........))........))))))))....,-33.6,0.142857142857,-28.01
36,GUAAGCCCCGACAGAGGCGGGGAAAAAAAAAAAAAAAAAACGGCCAAACGGAAACGGGACGGAAACGAGAAAAGAGGAGAGAAGCGUCGGGGCAGGA,....((((((((...(((.(....................).)))...((....))...((....))..................))))))))....,-32.15,0.0909090909091,-25.91
37,GUAACAGGCCGGGGAGGGGGGGAAAAAAAAAAAAAAAAAACGGGCGAACGGAAACGGAGAGGAAACUAGAGAAGAGCAGAAAACCCCGGCCUGAAGA,....((((((((((..................................((....))...((....))................))))))))))....,-31.6,0.0909090909091,-24.21
38,GUAACAACCCGAGGAGCGGGGGAAAAAAAAAAAAAAAAAACGGCCGAACGGAAACGGAGAGGAAACUAGAGAAGAGGAGAAAACGUCGGGUUGAAGA,....((((((((.(..((......................)).((...((....))...((....))........))......).))))))))....,-23.55,0.2,-19.01
39,GUAGGGCGAGGCAGAGCGGGGGAAAAAAAAAAAAAAAAAACGGGCAGACGGAAACGAGACGGAAACGAGAGAAGAGCAGAGGACGGCCUCGCCAGGA,....((((((((....((......................)).((...((....))...((....))........))........))))))))....,-28.05,0.2,-24.91
40,GGAGACACAGGAGGAGCGGGGGAAAAAAAAAAAAAAAAAACGGGCGGACGGAAACGGAGGGGAAACCAGAGAAAGGCAGAGGACGUCCUGUGUGGGA,....((((((((.(..((......................)).((...((....))...((....))........))......).))))))))....,-24.95,0.2,-20.41
41,GGAGCGCGGGCCGGAGCGGGGGAAAAAAAAAAAAAAAAAACGGGAAGAGGGAAACCGGGGGGAAACCAGAGUAGGUCAGAGGACGGGCCCGCGGGAA,....((((((((...((...............................((....))...((....))...))..(((....))).))))))))....,-32.3,0.0666666666667,-25.71
42,GUAGCGAAGCACGAAGAGGGGGAAAAAAAAAAAAAAAAAACGGGCGGAGGGAAACCGGGCGGAAACGAGAGAAGAGCAGUGGACUGUGCUUCGAGAA,....((((((((...............................((...((....))...((....))........))((....))))))))))....,-23.7,0.142857142857,-19.81
43,GUAGCCCGCGACAGAGCGGGGGAAAAAAAAAAAAAAAAAACGGGCAGAAGGAAACUAGACGGAAACGAGAAAAGAGCAGAAGACGGUCGCGGGAGGA,....((((((((....((......................)).((...((....))...((....))........))........))))))))....,-25.35,0.2,-22.21
44,AGAGAACGGAGCGGAGGGGGGGAAAAAAAAAAAAAAAAAACGGGCUGAGGGAAACCGGGGGGAAACCAGAGAAGGGCAGAGGACCGCUCCGUUAGGA,....((((((((((......(...................)..(((..((....))...((....)).......)))......))))))))))....,-29.91,0.142857142857,-22.61
45,AGAGAAGCGAGCGGAGGGGGGGAAAAAAAAAAAAAAAAAACGGGCUGAGGGAAACCGGGGGGAAACCAGAGAAGGGCAGAGGACCGCUCGCUUAGGA,....((((((((((......(...................)..(((..((....))...((....)).......)))......))))))))))....,-29.91,0.142857142857,-22.61
46,GAAGGGCGCGAAAGAGCGGGGGAAAAAAAAAAAAAAAAAACGGGCAGACGGAAACGAGACGGAAACGAGAGAAGAGCAAAGGACGUUCGCGCCAGGA,....((((((((.(..((......................)).((...((....))...((....))........))......).))))))))....,-24.75,0.2,-22.31
47,GUAGCCCGCCAAAGAGCGGGGGAAAAAAAAAAAAAAAAAACGGGCAGAAGGAAACUAGACGGAAACGAGAAAAUAGCAGAAGACGUUGGCGGGAGGA,....((((((((.(..((......................)).((...((....))...((....))........))......).))))))))....,-23.45,0.2,-21.01
48,GUAGCGCAGCCCGAAGCGGGGGAAAAAAAAAAAAAAAAAACGGGCGGAGGGAAACCGGGCGGAAACGAGAGAAGAGCAGAGGACGGGGCUGCGAGAA,....((((((((....((......................)).((...((....))...((....))........))........))))))))....,-28.25,0.2,-25.11
49,GUAGCCCGCCACAGAGCGGGGGAAAAAAAAAAAAAAAAAACGGGCAGAAGGAAACUAGACGGAAACGAAAAAAUAGCAGAAGACGGUGGCGGGAGGA,....((((((((....((......................)).((...((....))...((....))........))........))))))))....,-25.95,0.2,-22.81
50,GGAGAGAGGCCGGGAACAGGGGAAAAAAAAAAAAAAAAAACGGGCAAAGGGAAACCGGGGGGAAACCAAAGAAGAGCAGAGGAUGCGGCCUCUAGAA,....((((((((....)..........................(((..((....))...((....))................))))))))))....,-27.9,0.125,-23.21
51,GGAGCCACGGGGGGAACGGGGGAAAAAAAAAAAAAAAAAACGGCCAAAAGGAAACUGGGGGGAAACCAAAGAAAAGGAGAGGACGCCCCGUGGAGAA,....((((((((.(..(..........................((...((....)).))((....)).............)..).))))))))....,-31.0,0.0909090909091,-23.21
52,AGAGGACCCAGCGGAGCGGGGGAAAAAAAAAAAAAAAAAACGGGCGGAGGGAAACCGGGGGGAAACCAGAGAAGGGCAGAGGACGGCUGGGUCAGGA,....((((((((.(..((......................)).((...((....))...((....))........))......).))))))))....,-29.85,0.2,-25.41
53,GUAGGACGGGACAGAGGGGGGGAAAAAAAAAAAAAAAAAACGGGCAGAAGGAAACUAGAGGGAAACCAGAGAAGAGCAGAGGACCGUCCCGUCAGGA,....((((((((...............................((...((....))...((....))........)).(.....)))))))))....,-24.9,0.142857142857,-23.51
54,GUAGGACGGGACAGAGGGGGGGAAAAAAAAAAAAAAAAAACGGGCAGAAGGAAACUAGAGGGAAACCAGAGAAGAGCAGAGGACCGUCCCGUCAGGA,....((((((((...............................((...((....))...((....))........)).(.....)))))))))....,-24.9,0.142857142857,-23.51
55,GUAGAACGAGACAGAGCGGGGGAAAAAAAAAAAAAAAAAACGGGCAGACGGAAACGAGACGGAAACGAGAGAAGAGCAGAGGACGGUCUCGUUAGGA,....((((((((....((......................)).((...((....))...((....))........))........))))))))....,-21.25,0.2,-18.11
56,GAAGCGAAACACGAAGCGGGGGAAAAAAAAAAAAAAAAAACGGCAGGACGGAAACGGGGCGGAAACGAGAGAAGAUGAGUGGACGGUGUUUCGAGAA,....((((((((...((.(.....................).))....((....))...((....))..................))))))))....,-20.4,0.0833333333333,-14.21
57,GUAGAACCCGACAGAGCGGGGGAAAAAAAAAAAAAAAAAACGGGCAGAAGGAAACUAGACGGAAACGAGAGAAGAGCAGAGGACGGUCGGGUUAGGA,....((((((((....((......................)).((...((....))...((....))........))........))))))))....,-21.95,0.2,-18.81
58,GGAGGCCCACCGGGAACGGGGGAAAAAAAAAAAAAAAAAACGGGCAGAGGGAAACCAGGAGGAAACUAAAGAAGAGCAGAGGACGCGGUGGGCAGAA,....((((((((.(..((......................)).((...((....))...((....))........))......).))))))))....,-29.55,0.2,-24.51
59,GUAGCAGCCAGGAGAGCAGGGGAAAAAAAAAAAAAAAAAACGGGCAGAAGGAAACUAGACGGAAACGAGAGAAGAGCAGAGGAUGCCUGGCUGAGGA,....((((((((...((..(....................)..))...((....))...((....))..................))))))))....,-22.65,0.0909090909091,-19.71
60,GUAGAACCCGACAGAGCGGGGGAAAAAAAAAAAAAAAAAACGGGCAGAAGGAAACUAGAGGGAAACCAGAGAAGAGCAGAGAACGGUCGGGUUAGGA,....((((((((....((......................)).((...((....))...((....))........))........))))))))....,-23.15,0.2,-20.01
61,GUAGGGCGCGGCAGAGGGGGGGAAAAAAAAAAAAAAAAAACGGGCAGAAGGAAACUAGACGGAAACGAGAGAAGAGCAGAGGACCGCCGCGCCAGGA,....((((((((...............................((...((....))...((....))........)).(.....)))))))))....,-27.1,0.142857142857,-25.71
62,AAAGCCCCAGGGGGAACGGGGGAAAAAAAAAAAAAAAAAACGGGCAGAGGGAAACCGGAGGGAAACCAAAGAAGAGCAGAGGACGCCCUGGGGAGAA,....((((((((.(..((......................)).((...((....))...((....))........))......).))))))))....,-32.35,0.2,-27.31
63,GGAGCGAGGCCGGGAACGGGGGAAAAAAAAAAAAAAAAAACGGGCAAAGGGAAACCGGGAGGAAACUAAAGAAGAGCAGAGGACGCGGCCUCGAGAA,....((((((((.(..((......................)).((...((....))...((....))........))......).))))))))....,-28.45,0.2,-23.41
64,GUAGGGCGCCACAGAGGGGGGGAAAAAAAAAAAAAAAAAACGGGCAGAAGGAAACUAGACGGAAACGAGAGAAGAGCAGAGGACCGUGGCGCCAGGA,....((((((((...............................((...((....))...((....))........)).(.....)))))))))....,-25.6,0.142857142857,-24.21
65,GGAGACACCGACGGAGCCGGGGAAAAAAAAAAAAAAAAAACGAACGGACGGAAACGGAGGGGAAACCAGAGAAAGGUAGAGGAGGGUCGGUGUGGGA,....((((((((....((..............................((....))...((....)).............))...))))))))....,-25.2,0.0909090909091,-19.91
66,GAAGGACCGCGCAGAGCGGAGGAAAAAAAAAAAAAAAAAACGGAGGGAGGGAAACCGGGGGGAAACCAAAGAAGGCUAGAGGACGGCGCGGUCGGGA,....((((((((..(((...............................((....))...((....)).......)))........))))))))....,-29.6,0.0909090909091,-23.71
67,GGAGGGGCAGGGGGAGCAGGGGAAAAAAAAAAAAAAAAAACAGCGGGACGGAAACGGGGAGGAAACUAAAGAAAACGAGAGAAUGCCCUGCCCGGGA,....((((((((.(..(...............................((....))...((....)).............)..).))))))))....,-26.6,0.0909090909091,-21.31
68,GGAGCCACCGGCGGAGCGGGGGAAAAAAAAAAAAAAAAAACGGGCGGACGGAAACGGAGGGGAAACCAGAGAAAGGCAGAGGACGGCCGGUGGGAGA,....((((((((.(..((......................)).((...((....))...((....))........))......).))))))))....,-29.85,0.2,-25.41
69,AUAGAACCAGACAGAGCGAGGGAAAAAAAAAAAAAAAAAACGGGCAGACGGAAACGAGACGGAAACGAGAGAAGAGCAGAGGACGGUCUGGUUAGGA,....((((((((....((......................)).((...((....))...((....))........))........))))))))....,-20.55,0.2,-18.51
70,GUAGGACGCGACAGAGGGGGGGAAAAAAAAAAAAAAAAAACGGCCAGAAGGAAACUAGACGGAAACGAGAGAAGAGGAGAGGACCGUCGCGUCAGGA,....((((((((........(...................)((((...((....))...((....)).............)).))))))))))....,-25.11,0.111111111111,-21.01
71,GGAGCCACGGGGGGAACGGGGGAAAAAAAAAAAAAAAAAACGGGCAAAAGGAAACUGGGGGGAAACCAAAGAAAAGCAGAGGACGCCCCGUGGAGAA,....((((((((.(..((......................)).((...((....))...((....))........))......).))))))))....,-28.75,0.2,-23.71
72,GUAACGGGCCGGGGAGCGGGGGAAAAAAAAAAAAAAAAAACGGCCGAACGGAAACGGAGGGGAAACCAGAGAAGAGGAGAAGACGCCGGCCCGAGGA,....((((((((.(..((......................)).((...((....))...((....))........))......).))))))))....,-31.35,0.2,-26.61
73,GGAGCCACCGGCGGAGCGGGGGAAAAAAAAAAAAAAAAAACGGGCGGACGGAAACGGAGGGGAAACCAGAGAAAGGCAGAGGACGGCCGGUGGAGGA,....((((((((.(..((......................)).((...((....))...((....))........))......).))))))))....,-29.65,0.2,-25.21
74,GGAAAGAGGCCGGGAACGGGGGAAAAAAAAAAAAAAAAAACGGGCAAAGGGAAACCGGGGGGAAACCAAAGAAGAGCAGAGGACGCGGCCUCUAGAA,....((((((((.(..((......................)).((...((....))...((....))........))......).))))))))....,-29.65,0.2,-24.61
75,GUAGGCCACGACAGAGAGGGGGAAAAAAAAAAAAAAAAAACGGGCAGAGGGAAACCAGACGGAAACGAGAGAAGAGCAGAGGACUGUCGUGGCAGGA,....((((((((((..................................((....))...((....))................))))))))))....,-29.7,0.0909090909091,-23.01
76,GGAGACAGCAGCGGAGCGGGGGAAAAAAAAAAAAAAAAAACGGGCGGACGGAAACGGAGGGGAAACCAGAGAAAGGCAGAGGACGGCUGCUGUGGGA,....((((((((.(..((......................)).((...((....))...((....))........))......).))))))))....,-26.35,0.2,-21.91
77,GUAGGACGGGACAGAGGGGGGGAAAAAAAAAAAAAAAAAACGGGCAGAAGGAAACUAGAGGGAAACCAGAGAAGAGCAGAGGACCGUCCCGUCAGGA,....((((((((...............................((...((....))...((....))........)).(.....)))))))))....,-24.9,0.142857142857,-23.51
78,GUAACAGGCCGAGGAGCCGGGGAAAAAAAAAAAAAAAAAACGGCCGAACGGAAACGGAGAGGAAACUAGAGAAGAGGAGAAAAGGUCGGCCUGAAGA,....((((((((.(.((((.....................)))))...((....))...((....))..................))))))))....,-28.0,0.0769230769231,-22.41
79,AGAGAGGAGACCGGAGCGGGGGAAAAAAAAAAAAAAAAAACGGGGGGAGGGAAACCGGGGGGAAACCAAAGAAGGCCAGAGGACGGGUCUCCUGAAA,....((((((((.(..(...((..........................((....))...((....))........))...)..).))))))))....,-28.7,0.111111111111,-23.01
80,GUAACGGGGCCGGGAGCCGGGGAAAAAAAAAAAAAAAAAACGGCCGAACGGAAACGGAGAGGAAACUAGAGAAGAGGAGAAGAGGCGGCCCCGAGGA,....((((((((.(.((((.....................)))))...((....))...((....))..................))))))))....,-31.4,0.0769230769231,-25.31
81,GUAACAGGCCGAGGAGCGGGGGAAAAAAAAAAAAAAAAAACGGAAGAACGGAAACGGAGCGGAAACGAGAGAAGAUUAGAAAACGUCGGCCUGAAGA,....((((((((.(.((.......................(....)..((....))..))(....).................).))))))))....,-28.2,0.0666666666667,-18.01
82,GGAGCCACCGGCGGAGCGGGGGAAAAAAAAAAAAAAAAAACGGGCGGACGGAAACGGAGGGGAAACCAGAGAAAGGCAGAGGACGGCCGGUGGGAGA,....((((((((.(..((......................)).((...((....))...((....))........))......).))))))))....,-29.85,0.2,-25.41
83,GUAACAGGCCGGGGAGGGGGGGAAAAAAAAAAAAAAAAAACGGGGGAACGGAAACGGAGAGGAAACUAGAGAAGACCAGAAAACCCCGGCCUGAAGA,....((((((((((......((..........................((....))...((....))........))......))))))))))....,-33.3,0.111111111111,-24.01
84,AGAGGAAGGACCGGAGCGGGGGAAAAAAAAAAAAAAAAAACGGGGGGAGGGAAACCGGGGGGAAACCAAAGAAGGCCUGAGGACGGGUCCUUCGGAA,....((((((((.(..((((............................((....))...((....))........))))....).))))))))....,-31.3,0.0909090909091,-22.41
85,AGAGGAACGACCGGAGCGGGGGAAAAAAAAAAAAAAAAAACGGGGGGAGGGAAACCGGGGGGAAACCAAAGAAGGCCUGAGGACGGGUCGUUCGGAA,....((((((((.(..((((............................((....))...((....))........))))....).))))))))....,-30.5,0.0909090909091,-21.61
86,GGAGAAAGCGCCGGAGCCGGGGAAAAAAAAAAAAAAAAAACGGGGAGAGGGAAACCGGGGGGAAACCAGAGAAGGCCAGAGGAGGGGCGCUUUGGAA,....((((((((....((..((..........................((....))...((....))........))...))...))))))))....,-28.4,0.111111111111,-22.41
87,GUAACAGCCAGCGGAGCGGGGGAAAAAAAAAAAAAAAAAACGGCCGAACGGAAACGGAGAGGAAACUAAAGAAGAGGAGAAGACGGCUGGCUGUGGA,...(((((((((.(..((......................)).((...((....))...((....))........))......).)))))))))...,-26.95,0.142857142857,-20.91
88,GGAGAGAGGACGGGAACGGGGGAAAAAAAAAAAAAAAAAACGGGCAAAGGGAAACCGGGGGGAAACCAAAGAAGAGCAGAGGACGCGUCCUCUAGAA,....((((((((.(..((......................)).((...((....))...((....))........))......).))))))))....,-27.65,0.2,-22.61
89,GGAGCCACCGGCGGAGCGGGGGAAAAAAAAAAAAAAAAAACGGGCGGACGGAAACGGAGGGGAAACCAGAGAAAGGCAGAGGACGGCCGGUGGGAGA,....((((((((.(..((......................)).((...((....))...((....))........))......).))))))))....,-29.85,0.2,-25.41
90,GGAGCCACGGGGGGAACGGGGGAAAAAAAAAAAAAAAAAACGGGCAAAAGGAAACUGGGGGGAAACCAAAGAAAAGCAGAGGACGCCCCGUGGAGAA,....((((((((.(..((......................)).((...((....))...((....))........))......).))))))))....,-28.75,0.2,-23.71
91,GGAGCCACGGGGGGAACGGGGGAAAAAAAAAAAAAAAAAACGGGCAAAAGGAAACUGGGGGGAAACCAAAGAAAAGCAGAGGACGCCCCGUGGAGAA,....((((((((.(..((......................)).((...((....))...((....))........))......).))))))))....,-28.75,0.2,-23.71
92,GUAGGACGCGACAAAGCGGGGGAAAAAAAAAAAAAAAAAACGGCCAGACGGAAACGAGACGGAAACGAGAGAAGAGGAGAGGACGGUCGCGUCAGGA,....((((((((....(....)..................((.((...((....))...((....)).............)).))))))))))....,-25.5,0.1,-21.51
93,GGAGGGAGGCCGGGAAAGAGGGAAAAAAAAAAAAAAAAAACGGGCAAAGGGAAACCGGGGGGAAACCAAAGAAGAGCAGAGGACUCGGCCUCCAGAA,....((((((((((..................................((....))...((....))................))))))))))....,-32.3,0.0909090909091,-26.01
94,GGAGGGAGGCCGGGAACGGGGGAAAAAAAAAAAAAAAAAACGGGCAAAGGGAAACCGGGGGGAAACCAAAGAAGAGCAGAGGACGCGGCCUCCAGAA,....((((((((.(..((......................)).((...((....))...((....))........))......).))))))))....,-32.05,0.2,-27.01
95,GAAGCGCCCGGCGGAGCGGGGGAAAAAAAAAAAAAAAAAACGGGGGGAAGGAAACUGGGCGGAAACGAAAGAAGACCAGAGGACGGCCGGGCGAGAA,....((((((((.(..(...((..........................((....))...((....))........))...)..).))))))))....,-29.5,0.111111111111,-23.81
96,GGAGACCCCGCGGGAACGGAGGAAAAAAAAAAAAAAAAAACGGGCAGAGGGAAACCAGGAGGAAACUAAAGAAGAGCAGAGGACGCGCGGGGUAGAA,....((((((((.(..((......................)).((...((....))...((....))........))......).))))))))....,-28.75,0.2,-23.91
97,GGAGCCCCAGGGGGAACGGGGGAAAAAAAAAAAAAAAAAACGGGCAGAGGGAAACCGGAGGGAAACCAAAGAAGAGCAGAGGACGCCCUGGGGAGAA,....((((((((.(..((......................)).((...((....))...((....))........))......).))))))))....,-32.35,0.2,-27.31
98,GUAGACCACGACAGAGCGAGGGAAAAAAAAAAAAAAAAAACGGGCAGAAGGAAACUAGACGGAAACGAGAGAAGAGCAGAGGACGGUCGUGGUAGGA,....((((((((....((......................)).((...((....))...((....))........))........))))))))....,-20.75,0.2,-18.71
99,GGAGCCACCGGCGGAGCGGGGGAAAAAAAAAAAAAAAAAACGGGGGGACGGAAACGGAGGGGAAACCAGAGAAAGCCAGAGGACGGCCGGUGGGAGA,....((((((((.(..(...((..........................((....))...((....))........))...)..).))))))))....,-30.8,0.111111111111,-25.11
